[
  {
    "text": "Policy Manage",
    "sref": "biz.policymanage",
    "icon": "icon-grid"
  },
  {
    "text": "Booking Manage",
    "sref": "biz.booklist",
    "icon": "icon-speedometer"
  },
  {
    "text": "Agent Users",
    "sref": "biz.agentusers",
    "icon": "icon-user-following"
  },
  {
    "text": "User Statistic",
    "sref": "biz.userstatistic",
    "icon": "icon-docs"
  },
  {
    "text": "Resource Chart",
    "sref": "biz.resourcechart",
    "icon": "icon-calculator"
  }
]
