[
  {
    "text": "AD Config",
    "sref": "root.adconfig",
    "icon": "icon-grid"
  },
  {
    "text": "Mail Config",
    "sref": "root.mailaccout",
    "icon": "icon-speedometer"
  },
  {
    "text": "Account Manage",
    "sref": "root.mailaddress",
    "icon": "icon-layers"
  },
  {
    "text": "Region Config",
    "sref": "root.regionconfig",
    "icon": "icon-calculator"
  },
  {
    "text": "Pool Config",
    "sref": "root.poolconfig",
    "icon": "icon-docs"
  },
  {
    "text": "Event Logs",
    "sref": "root.eventLogs",
    "icon": "icon-doc"
  },
  {
    "text": "FAQ CallAdmin",
    "sref": "root.faqcalladmin",
    "icon": "icon-speech"
  }
]
